t,position,velocity
0.0,0,0
0.01001001001001001,0.0004967230910955646,0.09881644779244383
0.02002002002002002,0.0019696624066376667,0.19504233680088523
0.03003003003003003,0.004392722208261606,0.28864543995701253
0.04004004004004004,0.0077395016042830795,0.37959700510715133
0.050050050050050046,0.011983329042171498,0.46787169643859133
0.06006006006006006,0.017097296204660762,0.5534475339186984
0.07007007007007007,0.023054291290164862,0.6363058308584375
0.08008008008008008,0.029827031659278573,0.7164311297110173
0.09009009009009009,0.037388095830246694,0.7938111362153597
0.10010010010010009,0.045709954807378134,0.8684366519930111
0.11011011011011011,0.0547650027274625,0.9403015057059347
0.12012012012012012,0.06452558681031607,1.0094024828813724
0.13013013013013014,0.0749640366006407,1.0757392545086344
0.14014014014014015,0.08605269248942127,1.139314304511276
0.15015015015015015,0.0977639335041164,1.2001328561966451
0.16016016016016016,0.11007020435790962,1.2582027977832493
0.17017017017017017,0.1229440417492863,1.31353460710479
0.18018018018018017,0.13635809990418235,1.366141275588052
0.19019019019019018,0.15028517535391547,1.4160382316001132
0.20020020020020018,0.16469823094305625,1.4632432632585792
0.21021021021021022,0.1795704190623253,1.5077764407967154
0.22022022022022023,0.19487510410251305,1.5496600385734882
0.23023023023023023,0.21058588412631027,1.5889184568166088
0.24024024024024024,0.2266766117558096,1.6255781431847272
0.2502502502502503,0.24312141427429038,1.6596675142329214
0.2602602602602603,0.25989471294173155,1.6912168768636122
0.2702702702702703,0.2769712415243096,1.7202583498429636
0.2802802802802803,0.2943260640389284,1.7468257854607485
0.2902902902902903,0.3119345917145992,1.770954691409543
0.3003003003003003,0.3297725991732363,1.7926821529569716
0.3103103103103103,0.3478162398331627,1.8120467554825683
0.3203203203203203,0.3660420605393236,1.8290885074486463
0.3303303303303303,0.3844270154248917,1.8438487638723655
0.34034034034034033,0.4029484790096068,1.8563701503639947
0.35035035035035034,0.4215842585408348,1.8666964877941377
0.36036036036036034,0.44031260558394614,1.8748727176504805
0.37037037037037035,0.4591122268692095,1.8809448281423782
0.38038038038038036,0.4779622944029701,1.8849597811093741
0.39039039039039036,0.4968424548514302,1.8869654397875146
0.40040040040040037,0.5157328382058793,1.887010497485081
0.41041041041041043,0.5346140657387272,1.8851444072171502
0.42042042042042044,0.5534672572601732,1.881417312346157
0.43043043043043044,0.5722740376858122,1.8758799782734388
0.44044044044044045,0.5910165429259102,1.8685837252245205
0.45045045045045046,0.6096774251075054,1.8595803621687266
0.46046046046046046,0.6282398571408816,1.8489221219115184
0.47047047047047047,0.6466875366423372,1.8366615973958027
0.4804804804804805,0.6650046892255235,1.8228516792463128
0.4904904904904905,0.6831760711739574,1.8075454945890403
0.5005005005005005,0.7011869715076233,1.7907963471755977
0.5105105105105106,0.7190232134568676,1.7726576588403076
0.5205205205205206,0.7366711553570553,1.7531829123157705
0.5305305305305306,0.7541176909777105,1.7324255954306214
0.5405405405405406,0.7713502493000841,1.710439146711195
0.5505505505505506,0.7883567937573037,1.6872769024068421
0.5605605605605606,0.8051258209514466,1.6629920449566948
0.5705705705705706,0.8216463588620462,1.637637552913771
0.5805805805805806,0.8379079645606913,1.611266152340427
0.5905905905905906,0.8539007214465095,1.5839302696873154
0.6006006006006006,0.8696152360174367,1.5556819861662032
0.6106106106106106,0.8850426341922714,1.5265729936252177
0.6206206206206206,0.9001745571985891,1.4966545519333545
0.6306306306306306,0.9150031570416506,1.4659774478793752
0.6406406406406406,0.9295210915694825,1.4345919555885536
0.6506506506506506,0.9437215191493351,1.4025477984591073
0.6606606606606606,0.9575980929707298,1.3698941126185602
0.6706706706706707,0.9711449549903081,1.3366794118987324
0.6806806806806807,0.9843567295336682,1.302951554326548
0.6906906906906907,0.9972285165693449,1.2687577101263834
0.7007007007007007,1.0097558846700343,1.234144331228253
0.7107107107107107,1.021934863676103,1.1991571222747446
0.7207207207207207,1.033761937076342,1.1638410131182777
0.7307307307307307,1.045234034120839,1.1282401327989562
0.7407407407407407,1.0563485216807322,1.0923977849920292
0.7507507507507507,1.067103195869498,1.0563564249127655
0.7607607607607607,1.0774962734402962,1.0201576376653696
0.7707707707707707,1.087526382973754,0.9838421180214446
0.7807807807807807,1.0971925558704239,0.9474496516124205
0.7907907907907907,1.1064942171619847,0.9110190975193266
0.8008008008008007,1.1154311761550857,0.8745883722422875
0.8108108108108109,1.1240036169215568,0.838194435031167
0.8208208208208209,1.1322120886485056,0.8018732745578754
0.8308308308308309,1.1400574958616392,0.7656598969099804
0.8408408408408409,1.1475410885349224,0.7295883148844419
0.8508508508508509,1.1546644520994866,0.6936915385595027
0.8608608608608609,1.161429497364462,0.6580015671220251
0.8708708708708709,1.1678384503621901,0.6225493819268644
0.8808808808808809,1.1738938421300251,0.5873649407642128
0.8908908908908909,1.1795984984406953,0.5524771733102231
0.9009009009009009,1.1849555294929428,0.5179139777356531
0.9109109109109109,1.1899683195739026,0.4837022184467276
0.9209209209209209,1.1946405167044276,0.4498677249319209
0.9309309309309309,1.1989760222782906,0.4164352916879037
0.9409409409409409,1.2029789807059346,0.38342867919748025
0.950950950950951,1.2066537690731634,0.3508706159319578
0.960960960960961,1.210004986824886,0.31878280135004994
0.970970970970971,1.2130374454837496,0.2871859098651063
0.980980980980981,1.2157561584132137,0.2560995957521932
0.990990990990991,1.2181663306343282,0.22554249896631204
1.001001001001001,1.2202733487051907,0.19553225184284662
1.011011011011011,1.2220827706717707,0.166085486651163
1.021021021021021,1.223600316098493,0.137217843972154
1.031031031031031,1.2248318561866833,0.10894398187042398
1.0410410410410411,1.22578340398868,0.08127758583174068
1.0510510510510511,1.2264611047251293,0.05423137943634841
1.0610610610610611,1.2268712262126797,0.027817135738731343
1.0710710710710711,1.227020149409003,0.002045689324442215
1.0810810810810811,1.2269143590817666,-0.023073050985333576
1.0910910910910911,1.2265604346079033,-0.04753008881072449
1.1011011011011012,1.2259650409092158,-0.07131732630076588
1.1111111111111112,1.225134919530074,-0.09442754966063684
1.1211211211211212,1.2240768798626707,-0.1168544141473752
1.1311311311311312,1.2227977905250074,-0.13859242856271559
1.1411411411411412,1.2213045708965087,-0.15963693927148287
1.1511511511511512,1.2196041828158686,-0.17998411377373627
1.1611611611611612,1.2177036224454558,-0.1996309238586009
1.1711711711711712,1.2156099123063278,-0.21857512836744158
1.1811811811811812,1.2133300934876268,-0.2368152555937325
1.1911911911911912,1.2108712180338606,-0.25435058534665417
1.2012012012012012,1.2082403415132952,-0.2711811307051071
1.2112112112112112,1.2054445157704317,-0.2873076194884731
1.2212212212212212,1.2024907818652686,-0.3027314754700755
1.2312312312312312,1.1993861632018017,-0.31745479935889764
1.2412412412412412,1.1961376588479484,-0.3314803495747074
1.2512512512512513,1.1927522370488457,-0.34481152284131006
1.2612612612612613,1.1892368289352195,-0.3574523346222129
1.2712712712712713,1.1855983224282796,-0.3694073994225306
1.2812812812812813,1.1818435563423677,-0.38068191098049586
1.2912912912912913,1.1779793146863433,-0.3912816223714592
1.3013013013013013,1.1740123211644746,-0.4012128260467771
1.3113113113113113,1.1699492338773725,-0.4104823338294829
1.3213213213213213,1.1657966402232982,-0.41909745688813005
1.3313313313313313,1.161561051999952,-0.4270659857096772
1.3413413413413413,1.1572489007066542,-0.4343961700917593
1.3513513513513513,1.1528665330466257,-0.44109669917415517
1.3613613613613613,1.1484202066288736,-0.44717668152872264
1.3713713713713713,1.1439160858690078,-0.4526456253265254
1.3813813813813813,1.1393602380881234,-0.45751341860032524
1.3913913913913913,1.1347586298087018,-0.46179030962005785
1.4014014014014013,1.13011712324632,-0.46548688739835065
1.4114114114114114,1.1254414729957773,-0.4686140623425775
1.4214214214214214,1.1207373229100956,-0.47118304706938213
1.4314314314314314,1.116010203170691,-0.4732053373970321
1.4414414414414414,1.1112655275468584,-0.4746926935303998
1.4514514514514514,1.1065085908425691,-0.4756571214527953
1.4614614614614614,1.1017445665284487,-0.4761108545383087
1.4714714714714714,1.096978504556652,-0.47606633539774956
1.4814814814814814,1.0922153293562438,-0.4755361979707049
1.4914914914914914,1.08745983800655,-0.47453324987566986
1.5015015015015014,1.0827166985858523,-0.47307045502964334
1.5115115115115114,1.0779904486926597,-0.47116091654801706
1.5215215215215214,1.073285494136711,-0.46881785993503233
1.5315315315315314,1.0686061077967446,-0.4660546165745206
1.5415415415415414,1.0639564286419838,-0.4628846075300974
1.5515515515515514,1.0593404609141988,-0.459321327663431
1.5615615615615615,1.0547620734671181,-0.4553783300786685
1.5715715715715715,1.0502249992598878,-0.45106921090056684
1.5815815815815815,1.0457328350012016,-0.44640759439334454
1.5915915915915915,1.0412890409406603,-0.4414071184267522
1.6016016016016015,1.0368969408038495,-0.43608142029533803
1.6116116116116117,1.0325597218675813,-0.43044412289637907
1.6216216216216217,1.0282804351716726,-0.42450882127144424
1.6316316316316317,1.0240619958636097,-0.41828906951606376
1.6416416416416417,1.019907183672384,-0.4117983680614902
1.6516516516516517,1.0158186435077614,-0.40505015133206007
1.6616616616616617,1.01179888618121,-0.3980577757811941
1.6716716716716717,1.0078502892446788,-0.3908345083086151
1.6816816816816818,1.0039750979434068,-0.3833935150609076
1.6916916916916918,1.0001754262789098,-0.37574785061710375
1.7017017017017018,0.9964532581782881,-0.36791044756054564
1.7117117117117118,0.9928104487659839,-0.3598941064378492
1.7217217217217218,0.9892487257341087,-0.35171148610538483
1.7317317317317318,0.9857696908074638,-0.3433750944632819
1.7417417417417418,0.9823748212993751,-0.3348972795765747
1.7517517517517518,0.9790654717544711,-0.32629022118272205
1.7617617617617618,0.9758428756745405,-0.31756592258435995
1.7717717717717718,0.9727081473236228,-0.30873620292578763
1.7817817817817818,0.9696622836084969,-0.29981268985133064
1.7917917917917918,0.9667061660307593,-0.2908068125433897
1.8018018018018018,0.9638405627066989,-0.28172979513764995
1.8118118118118118,0.961066130451212,-0.272592650512608
1.8218218218218218,0.9583834169220223,-0.263406174450267
1.8318318318318318,0.9557928628205102,-0.25418094016455045
1.8418418418418419,0.9532948041454861,-0.24492729319370218
1.8518518518518519,0.9508894744962872,-0.23565534665266313
1.8618618618618619,0.9485770074216137,-0.22637497684115176
1.8718718718718719,0.9463574388105656,-0.21709581920292292
1.8818818818818819,0.9442307093223913,-0.20782726463143678
1.8918918918918919,0.942196666851502,-0.19857845611693897
1.901901901901902,0.9402550690243626,-0.18935828572973296
1.911911911911912,0.9384055857249191,-0.18017539193421592
1.921921921921922,0.9366478016452817,-0.17103815722805124
1.931931931931932,0.9349812188584355,-0.16195470610066307
1.941941941941942,0.9334052594098142,-0.15293290330506057
1.951951951951952,0.9319192679246299,-0.14398035243683377
1.961961961961962,0.9305225142279158,-0.13510439481400596
1.971971971971972,0.9292141959743034,-0.1263121086512823
1.981981981981982,0.927993441284619,-0.11761030852209861
1.991991991991992,0.9268593113864525,-0.1090055451017487
2.002002002002002,0.9258108032559195,-0.10050410518475346
2.012012012012012,0.9248468522579059,-0.09211201196952898
2.022022022022022,0.9239663347821542,-0.08383502560331528
2.032032032032032,0.923168070872622,-0.07567864398024082
2.042042042042042,0.9224508268476157,-0.06764810378532113
2.052052052052052,0.9218133179082721,-0.059748381777122
2.062062062062062,0.9212542107330376,-0.051984196301759496
2.0720720720720722,0.9207721260558641,-0.04436000903085885
2.0820820820820822,0.9203656412259191,-0.03688002691605372
2.0920920920920922,0.9200332927466771,-0.029548204352574933
2.1021021021021022,0.9197735787923397,-0.022368245544453495
2.1121121121121122,0.919584961699601,-0.015343607063847308
2.1221221221221223,0.9194658704328542,-0.008477500596992893
2.1321321321321323,0.9194147030210084,-0.0017728958692834293
2.1421421421421423,0.9194298289641597,0.004767476258017747
2.1521521521521523,0.9195095916084377,0.01114112052690428
2.1621621621621623,0.9196523104874182,0.017345773865048243
2.1721721721721723,0.9198562836285734,0.023379401818940528
2.1821821821821823,0.9201197898233021,0.029240194845138734
2.1921921921921923,0.9204410908591548,0.034926564466968325
2.2022022022022023,0.9208184337129449,0.04043713930397422
2.2122122122122123,0.9212500527035077,0.04577076098136437
2.2222222222222223,0.9217341716029428,0.05092647992662636
2.2322322322322323,0.9222690057052447,0.05590355106043042
2.2422422422422423,0.9228527638513007,0.0607014293888608
2.2522522522522523,0.9234836504093008,0.06531976550393898
2.2622622622622623,0.9241598672096794,0.06975840099931978
2.2722722722722724,0.9248796154337697,0.07401736380795375
2.2822822822822824,0.9256410974554278,0.07809686346841672
2.2922922922922924,0.9264425186349406,0.08199728632651054
2.3023023023023024,0.9272820890646082,0.08571919067863817
2.3123123123123124,0.9281580252654433,0.08926330186335084
2.3223223223223224,0.9290685518345061,0.09263050730735643
2.3323323323323324,0.9300119030424471,0.09582185153216517
2.3423423423423424,0.9309863243808941,0.09883853112743295
2.3523523523523524,0.9319900740593814,0.1016818896969435
2.3623623623623624,0.9330214244515742,0.10435341278304805
2.3723723723723724,0.9340786634906043,0.10685472277525623
2.3823823823823824,0.9351600960133832,0.10918757380854434
2.3923923923923924,0.9362640450538199,0.11135384665681668
2.4024024024024024,0.9373888530849183,0.11335554362682371
2.4124124124124124,0.9385328832097884,0.11519478345770627
2.4224224224224224,0.93969452030165,0.11687379623119842
2.4324324324324325,0.9408721720929615,0.11839491829738451
2.4424424424424425,0.9420642702138537,0.11976058722076553
2.4524524524524525,0.9432692711800937,0.12097333675125024
2.4624624624624625,0.9444856573308528,0.12203579182454383
2.4724724724724725,0.9457119377165929,0.12295066359626466
2.4824824824824825,0.9469466489374306,0.12372074451397586
2.4924924924924925,0.94818835593238,0.12434890343117427
2.5025025025025025,0.9494356527199114,0.12483808076713482
2.5125125125125125,0.9506871630903059,0.12519128371636323
2.5225225225225225,0.9519415412503198,0.125411581511265
2.5325325325325325,0.9531974724207103,0.12550210074149343
2.5425425425425425,0.9544536733872026,0.12546602073329452
2.5525525525525525,0.9557088930055208,0.12530656899202197
2.5625625625625625,0.9569619126611254,0.12502701671085129
2.5725725725725725,0.9582115466843373,0.12463067434857826
2.5825825825825826,0.9594566427215521,0.12412088727924413
2.5925925925925926,0.9606960820632775,0.12350103151618774
2.6026026026026026,0.9619287799297522,0.12277450951298394
2.6126126126126126,0.9631536857149255,0.12194474604358677
2.6226226226226226,0.9643697831896039,0.12101518416385791
2.6326326326326326,0.9655760906645865,0.11998928125652246
2.6426426426426426,0.9667716611146385,0.11887050516145858
2.6526526526526526,0.9679555822641615,0.11766233039309225
2.6626626626626626,0.9691269766354433,0.11636823444653549
2.6726726726726726,0.9702850015603828,0.11499169419397529
2.6826826826826826,0.9714288491566,0.11353618237269024
2.6926926926926926,0.9725577462688548,0.11200516416594472
2.7027027027027026,0.9736709543767107,0.11040209387788427
2.7127127127127126,0.9747677694693876,0.10873041170343238
2.7227227227227226,0.975847521888762,0.10699354059406692
2.7327327327327327,0.9769095761414758,0.10519488322023529
2.7427427427427427,0.9779533306811248,0.10333781903104991
2.7527527527527527,0.9789782176615051,0.10142570141179107
2.7627627627627627,0.9799837026618963,0.09946185493963114
2.7727727727727727,0.9809692843853681,0.09744957273788471
2.7827827827827827,0.9819344943310961,0.09539211392898059
2.7927927927927927,0.9828788964416775,0.09329270118624776
2.8028028028028027,0.9838020867264332,0.09115451838450353
2.8128128128128127,0.984703692861688,0.08898070834933307
2.8228228228228227,0.9855833737690131,0.08677437070485175
2.8328328328328327,0.9864408191724164,0.08453855981964722
2.8428428428428427,0.9872757491354619,0.08227628285050613
2.8528528528528527,0.9880879135792944,0.07999049788344106
2.8628628628628627,0.9888770917825392,0.07768411217144704
2.8728728728728727,0.9896430918640449,0.0753599804683329
2.8828828828828827,0.9903857502494243,0.0730209034578923
2.8928928928928928,0.9911049311223459,0.07066962627760034
2.9029029029029028,0.9918005258615163,0.06830883713594703
2.9129129129129128,0.992472452464288,0.06594116602244596
2.9229229229229228,0.9931206549578123,0.06356918350928693
2.932932932932933,0.9937451027986522,0.06119539964353419
2.942942942942943,0.9943457902617537,0.05882226292870772
2.952952952952953,0.9949227358196657,0.05645215939452435
2.962962962962963,0.9954759815128835,0.05408741175351578
2.972972972972973,0.9960055923121791,0.05173027864318587
2.982982982982983,0.9965116554737681,0.049382953952316073
2.992992992992993,0.9969942798881485,0.047047566229977626
3.003003003003003,0.9974535954234305,0.04472617817576167
3.013013013013013,0.9978897522639644,0.04242078620969379
3.023023023023023,0.9983029202450554,0.0401333201202571
3.033033033033033,0.9986932881845395,0.0378656427889086
3.043043043043043,0.999061063211977,0.035619549989436915
3.053053053053053,0.9994064700962059,0.0333967702604751
3.063063063063063,0.999729750571978,0.03119896484945054
3.073073073073073,1.000031162666384,0.029027727726225014
3.083083083083083,1.0003109800257575,0.026884585664651222
3.093093093093093,1.000569491243725,0.02477099839024812
3.103103103103103,1.0008069991910624,0.02268835879217575
3.113113113113113,1.0010238203479815,0.020637993197670478
3.123123123123123,1.0012202841394735,0.018621161707085537
3.133133133133133,1.0013967322742998,0.016639058587666115
3.143143143143143,1.00155351808821,0.014692812724176423
3.153153153153153,1.0016910058919484,0.01278348812448622
3.163163163163163,1.001809570324588,0.010912084478215678
3.173173173173173,1.0019095957127142,0.009079537766532156
3.183183183183183,1.0019914754359616,0.007286720921188595
3.193193193193193,1.0020556112993844,0.005534444530891161
3.203203203203203,1.0021024129131282,0.0038234575930846766
3.2132132132132134,1.002132297079845,0.0021544483092459554
3.2232232232232234,1.0021456871902807,0.0005280449217796516
3.2332332332332334,1.0021430126274393,-0.0010551834093832143
3.2432432432432434,1.0021247081797109,-0.002594725692375816
3.2532532532532534,1.002091213463338,-0.004090128153057718
3.2632632632632634,1.0020429723545634,-0.005540993250620362
3.2732732732732734,1.0019804324317974,-0.006946978660994406
3.2832832832832834,1.0019040444281113,-0.008307796229903552
3.2932932932932935,1.0018142616943584,-0.009623210897393443
3.3033033033033035,1.0017115396731937,-0.010893039595647231
3.3133133133133135,1.0015963353842527,-0.012117150121880608
3.3233233233233235,1.0014691069207313,-0.013295459988089096
3.3333333333333335,1.001330312957587,-0.014427935249399284
3.3433433433433435,1.001180412271568,-0.01551458931275305
3.3533533533533535,1.0010198632732592,-0.016555481727629932
3.3633633633633635,1.0008491235513177,-0.017550716960488374
3.3733733733733735,1.0006686494290464,-0.01850044315458048
3.3833833833833835,1.000478895533453,-0.01940485087676755
3.3933933933933935,1.0002803143769083,-0.020264171852936688
3.4034034034034035,1.0000733559515156,-0.021078677693588902
3.4134134134134135,0.9998584673362785,-0.02184867861114019
3.4234234234234235,0.9996360923171445,-0.022574522130446265
3.4334334334334335,0.9994066710199832,-0.023256591794030303
3.4434434434434436,0.9991706395565466,-0.023895305863461214
3.4534534534534536,0.9989284296834411,-0.024491116018297242
3.4634634634634636,0.99868046847413,-0.025044506053976387
3.4734734734734736,0.9984271780039691,-0.025555990580001502
3.4834834834834836,0.9981689750482677,-0.02602611371973327
3.4934934934934936,0.9979062707933507,-0.026455447813069924
3.5035035035035036,0.9976394705605864,-0.026844592123256926
3.5135135135135136,0.9973689735433349,-0.02719417154903444
3.5235235235235236,0.9970951725567548,-0.027504835343294495
3.5335335335335336,0.9968184538004005,-0.027777255839383563
3.5435435435435436,0.9965391966335249,-0.028012127186149753
3.5535535535535536,0.9962577733629964,-0.02821016409279734
3.5635635635635636,0.9959745490437277,-0.02837210058457433
3.5735735735735736,0.9956898812915,-0.028498688770282204
3.5835835835835836,0.9954041201080625,-0.028590697622559617
3.5935935935935936,0.9951176077183729,-0.028648911771855183
3.6036036036036037,0.9948306784198392,-0.028674130314967263
3.6136136136136137,0.9945436584434096,-0.028667165638991878
3.6236236236236237,0.9942568658263562,-0.02862884226148275
3.6336336336336337,0.9939706102965828,-0.02855999568759108
3.6436436436436437,0.993685193168286,-0.02846147128491573
3.6536536536536537,0.9934009072487864,-0.028334123176758236
3.6636636636636637,0.9931180367563445,-0.02817881315444091
3.6736736736736737,0.9928368572487652,-0.02799640960931005
3.6836836836836837,0.9925576355625929,-0.027787786485011033
3.6936936936936937,0.9922806297626897,-0.027553822250586203
3.7037037037037037,0.9920060891019875,-0.02729539889491182
3.7137137137137137,0.9917342539911961,-0.02701340094295548
3.7237237237237237,0.9914653559782479,-0.02670871449430104
3.7337337337337337,0.9911996177372541,-0.026382226284354382
3.7437437437437437,0.9909372530667421,-0.026034822768609796
3.7537537537537538,0.9906784668969435,-0.02566738923032375
3.7637637637637638,0.9904234553058957,-0.025280808911910355
3.7737737737737738,0.9901724055441179,-0.024875962170340913
3.7837837837837838,0.9899254960676204,-0.02445372565679824
3.793793793793794,0.9896828965790035,-0.024014971520805665
3.803803803803804,0.9894447680764004,-0.023560566639020255
3.813813813813814,0.9892112629100136,-0.02309137186884991
3.823823823823824,0.9889825248460007,-0.022608241327024707
3.833833833833834,0.9887586891374542,-0.022112021693224463
3.843843843843844,0.9885398826022271,-0.021603551538836332
3.853853853853854,0.9883262237073517,-0.0210836606808888
3.863863863863864,0.988117822659799,-0.02055316956118208
3.873873873873874,0.9879147815033273,-0.0200128886506084
3.883883883883884,0.9877171942211681,-0.019463617878630567
3.893893893893894,0.9875251468442958,-0.01890614608786249
3.903903903903904,0.9873387175650332,-0.018341250513671015
3.913913913913914,0.9871579768557402,-0.017769696288695402
3.923923923923924,0.9869829875923396,-0.017192235972157858
3.933933933933934,0.9868138051824287,-0.016609609103816807
3.943943943943944,0.9866504776977357,-0.01602254178239305
3.953953953953954,0.9864930460106731,-0.015431746268278751
3.963963963963964,0.9863415439347469,-0.014837920610319051
3.973973973973974,0.9861959983685834,-0.014241748296437142
3.983983983983984,0.9860564294433337,-0.013643897927855262
3.993993993993994,0.9859228506732232,-0.013045022916646226
4.004004004004004,0.9857952691090123,-0.012445761206333351
4.014014014014014,0.9856736854941407,-0.011846735015240147
4.024024024024024,0.9855580944233269,-0.011248550602275798
4.034034034034034,0.9854484845034026,-0.010651798054827499
4.044044044044044,0.9853448385161602,-0.01005705109841664
4.054054054054054,0.9852471335829984,-0.009464866927762397
4.064064064064064,0.9851553413311536,-0.008875786058883575
4.074074074074074,0.9850694280613075,-0.0082903322018575
4.084084084084084,0.9849893549163669,-0.007709012153843497
4.094094094094094,0.9849150780512149,-0.007132315711967682
4.104104104104104,0.9848465488032359,-0.006560715605656108
4.114114114114114,0.984783713863422,-0.005994667447993599
4.124124124124124,0.984726515447875,-0.005434609705677388
4.134134134134134,0.9846748914695149,-0.004880963687126481
4.1441441441441444,0.9846287757098204,-0.004334133548300191
4.1541541541541545,0.9845880979904241,-0.0037945063157729803
4.1641641641641645,0.9845527843443919,-0.003262451926606305
4.1741741741741745,0.9845227571870211,-0.002738323284552923
4.1841841841841845,0.9844979354859967,-0.002222456332124204
4.1941941941941945,0.9844782349307488,-0.0017151701380467726
4.2042042042042045,0.9844635681008581,-0.0012167669996311803
4.2142142142142145,0.9844538446333665,-0.000727532559572068
4.2242242242242245,0.984448971388846,-0.0002477359366970852
4.2342342342342345,0.9844488526160928,0.00022237012982049192
4.2442442442442445,0.9844533901153109,0.000682549123271604
4.2542542542542545,0.9844624833996607,0.0011325805797310397
4.2642642642642645,0.9844760298550482,0.0015722599063742238
4.2742742742742745,0.9844939248980363,0.0020013981882787456
4.2842842842842845,0.9845160621317688,0.002419821984197437
4.2942942942942945,0.9845423334997947,0.0028273731117884984
4.3043043043043046,0.9845726294376937,0.0032239084227870564
4.314314314314315,0.9846068390224016,0.003609299568600064
4.324324324324325,0.984644850119144,0.003983432756804306
4.334334334334335,0.9846865495258889,0.004346208499024243
4.344344344344345,0.9847318231152337,0.004697541350663149
4.354354354354355,0.9847805559736497,0.005037359642957407
4.364364364364365,0.9848326325380062,0.0053656052078195765
4.374374374374375,0.9848879367293075,0.005682233095931565
4.384384384384385,0.9849463520835748,0.005987211288544364
4.394394394394395,0.9850077618798151,0.006280520403435674
4.404404404404405,0.9850720492650179,0.006562153395471279
4.414414414414415,0.9851390973761307,0.006832115252210252
4.424424424424425,0.9852087894589632,0.007090422684987973
4.434434434434435,0.9852810089839796,0.007337103815904613
4.444444444444445,0.9853556397589377,0.007572197861140004
4.454454454454455,0.9854325660383427,0.007795754811009101
4.464464464464465,0.9855116726296825,0.008007835107164735
4.474474474474475,0.9855928449964202,0.008208509317347443
4.484484484484485,0.9856759693577187,0.008397857808074172
4.494494494494495,0.9857609327848826,0.008575970415650095
4.504504504504505,0.9858476232944976,0.008742946115879547
4.514514514514515,0.9859359299382602,0.008898892692844204
4.524524524524525,0.9860257428894884,0.009043926407108011
4.534534534534535,0.9861169535263096,0.009178171663700021
4.544544544544545,0.9862094545115256,0.009301760680217621
4.554554554554555,0.9863031398691567,0.009414833155383797
4.564564564564565,0.9863979050576727,0.009517535938383398
4.574574574574575,0.9864936470399175,0.009610022699294047
4.584584584584585,0.9865902643497438,0.009692453600918615
4.594594594594595,0.9866876571553691,0.009764994972316674
4.604604604604605,0.986785727319474,0.009827818984323408
4.614614614614615,0.9868843784560644,0.00988110332733494
4.624624624624625,0.9869835159841193,0.00992503089162973
4.634634634634635,0.9870830471780544,0.009959789450486515
4.644644644644645,0.9871828812150268,0.009985571346349455
4.654654654654655,0.987282929219115,0.010002573180282182
4.664664664664665,0.9873831043024086,0.01001099550494271
4.674674674674675,0.9874833216030426,0.010011042521301708
4.684684684684685,0.9875834983202154,0.010002921779317508
4.694694694694695,0.9876835537462314,0.009986843882771478
4.704704704704705,0.9877834092956105,0.009963022198458283
4.714714714714715,0.9878829885313092,0.00993167256991608
4.724724724724725,0.9879822171880998,0.009893013035872505
4.734734734734735,0.9880810231931555,0.009847263553573
4.744744744744745,0.9881793366838907,0.009794645727148856
4.754754754754755,0.9882770900231087,0.009735382541173504
4.764764764764765,0.9883742178115081,0.009669698099546147
4.774774774774775,0.9884706568976037,0.009597817369833344
4.784784784784785,0.9885663463851149,0.009519965933189968
4.794794794794795,0.98866122763788,0.009436369739972496
4.804804804804805,0.9887552442823532,0.009347254871148783
4.814814814814815,0.9888483422077418,0.009252847305600059
4.824824824824825,0.9889404695638451,0.00915337269340246
4.834834834834835,0.9890315767566532,0.0090490561351671
4.844844844844845,0.9891216164417685,0.008940121967509675
4.854854854854855,0.9892105435157095,0.008826793554712336
4.864864864864865,0.9892983151051612,0.00870929308663304
4.874874874874875,0.9893848905542345,0.008587841382909482
4.884884884884885,0.989470231409796,0.008462657703497453
4.894894894894895,0.989554301404934,0.008333959565575824
4.904904904904905,0.9896370664406239,0.008201962566843218
4.914914914914915,0.9897184945656561,0.008066880215224198
4.924924924924925,0.989798555954892,0.007928923764995984
4.934934934934935,0.9898772228859115,0.0077883020593397505
4.944944944944945,0.9899544697141169,0.007645221379314094
4.954954954954955,0.9900302728463567,0.0074998852992416865
4.964964964964965,0.9901046107131337,0.007352494548493958
4.974974974974975,0.9901774637394626,0.007203246879652443
4.984984984984985,0.9902488143144382,0.007052336943019547
4.994994994994995,0.9903186467595804,0.006899956167445716
5.005005005005005,0.990386947296017,0.0067462926474344785
5.015015015015015,0.9904537040105674,0.006591531036481256
5.025025025025025,0.9905189068207908,0.006435852446596946
5.035035035035035,0.9905825474390584,0.006279434353961849
5.045045045045045,0.9906446193357114,0.006122450510650966
5.055055055055055,0.9907051177013663,0.005965070862366949
5.065065065065065,0.990764039408426,0.005807461472112417
5.075075075075075,0.9908213829718566,0.005649784449729119
5.085085085085085,0.9908771485092878,0.005492197887227281
5.095095095095095,0.990931337700494,0.005334855799824559
5.105105105105105,0.9909839537463148,0.005177908072610243
5.115115115115115,0.9910350013270676,0.005021500412746779
5.125125125125125,0.9910844865605106,0.004865774307117301
5.135135135135135,0.9911324169594086,0.00471086698532459
5.145145145145145,0.9911788013887531,0.004556911387943863
5.155155155155155,0.991223650022693,0.004404036139929018
5.165165165165165,0.9912669743012222,0.0042523655290691055
5.175175175175175,0.9913087868866783,0.004102019489389363
5.185185185185185,0.9913491016200977,0.003953113589388846
5.195195195195195,0.9913879334774781,0.00380575902500445
5.205205205205205,0.9914252985259927,0.003660062617189038
5.215215215215215,0.9914612138802038,0.0035161268139897684
5.225225225225225,0.9914956976583182,0.0033740496970106914
5.235235235235235,0.9915287689385296,0.003233924992142547
5.245245245245245,0.9915604477154887,0.003095842084440943
5.255255255255255,0.9915907548569431,0.002959886037033191
5.265265265265265,0.9916197120605853,0.0028261376139327985
5.275275275275275,0.9916473418111484,0.0026946733066399295
5.285285285285285,0.9916736673377874,0.0025655653644050887
5.295295295295295,0.99169871257178,0.002438881828032899
5.305305305305305,0.9917225021045835,0.0023146865671022656
5.315315315315315,0.9917450611462808,0.002193039320478946
5.325325325325325,0.9917664154844485,0.00207399573999621
5.335335335335335,0.9917865914434766,0.001957607437179281
5.345345345345345,0.9918056158443708,0.0018439220328893555
5.355355355355355,0.9918235159650663,0.0017329832097630277
5.365365365365365,0.9918403195012807,0.0016248307673234323
5.375375375375375,0.9918560545279288,0.0015195006796395218
5.385385385385385,0.9918707494611299,0.0014170251554109284
5.395395395395395,0.9918844330208259,0.001317432700355916
5.405405405405405,0.9918971341940366,0.0012207481817811518
5.415415415415415,0.9919088821987705,0.0011269928952125988
5.425425425425425,0.9919197064486129,0.001036184632967898
5.435435435435435,0.99192963651801,0.0009483377545516677
5.445445445445445,0.9919387021082652,0.0008634632587562177
5.455455455455455,0.9919469330142664,0.0007815688573515342
5.465465465465465,0.9919543590919577,0.0007026590502495387
5.475475475475475,0.9919610102265708,0.0006267352020292087
5.485485485485485,0.9919669163016283,0.0005537956197105329
5.495495495495495,0.9919721071687316,0.00048383563166680453
5.505505505505505,0.9919766126181443,0.0004168476675665304
5.515515515515515,0.9919804623501792,0.00035282133923778436
5.525525525525525,0.9919836859474009,0.0002917435223497055
5.535535535535535,0.9919863128476483,0.00023359843880758034
5.545545545545545,0.9919883723178846,0.0001783677397599207
5.555555555555555,0.9919898934288831,0.00012603058911791825
5.565565565565565,0.9919909050307488,7.656374748944959e-05
5.575575575575575,0.9919914357292828,2.994165643214683e-05
5.585585585585585,0.9919915138631912,-1.386347706804936e-05
5.595595595595595,0.9919911674821409,-5.488159598426201e-05
5.605605605605605,0.9919904243256616,-9.314470859129796e-05
5.615615615615615,0.9919893118028962,-0.0001286868038503527
5.625625625625625,0.9919878569731968,-0.00016154376692076547
5.635635635635635,0.9919860865275656,-0.00019175329488129112
5.645645645645645,0.991984026770939,-0.00021935481274099042
5.655655655655655,0.9919817036053088,-0.0002443893898179047
5.665665665665665,0.99197914251368,-0.0002668996565607422
5.675675675675675,0.991976368544858,-0.00028692972188704727
5.685685685685685,0.9919734062990605,-0.00030452509110855114
5.6956956956956954,0.9919702799143472,-0.0003197325845122301
5.7057057057057055,0.9919670130538619,-0.00033260025666301675
5.7157157157157155,0.9919636288938776,-0.00034317731649191374
5.7257257257257255,0.9919601501126382,-0.00035151404823067795
5.7357357357357355,0.9919565988799863,-0.0003576617332520587
5.7457457457457455,0.9919529968477693,-0.00036167257287183434
5.7557557557557555,0.9919493651410123,-0.0003635996121668251
5.7657657657657655,0.9919457243498498,-0.00036349666486045347
5.7757757757757755,0.9919420945222026,-0.00036141823932519135
5.7857857857857855,0.9919384951571891,-0.00035741946574869036
5.7957957957957955,0.9919349451992616,-0.0003515560245080751
5.8058058058058055,0.9919314630330514,-0.00034388407579472345
5.8158158158158155,0.9919280664789126,-0.0003344601905291782
5.8258258258258255,0.991924772789152,-0.0003233412826038221
5.8358358358358355,0.9919215986449283,-0.00031058454248851915
5.8458458458458455,0.9919185601538104,-0.0002962473722321423
5.8558558558558556,0.9919156728479789,-0.0002803873218906646
5.865865865865866,0.9919129516830569,-0.00026306202741038575
5.875875875875876,0.9919104110375546,-0.0002443291499925006
5.885885885885886,0.9919080647129137,-0.00022424631696312143
5.895895895895896,0.9919059259341365,-0.00020287106417075798
5.905905905905906,0.991904007350983,-0.00018026077993116795
5.915915915915916,0.9919023210397221,-0.00015647265053728813
5.925925925925926,0.9919008785054196,-0.00013156360735008465
5.935935935935936,0.9918996906847486,-0.00010559027548408307
5.945945945945946,0.9918987679493049,-7.860892409930087e-05
5.955955955955956,0.9918981201094121,-5.067541830955746e-05
5.965965965965966,0.9918977564184006,-2.1845172715055133e-05
5.975975975975976,0.9918976855773423,7.826893434572104e-06
5.985985985985986,0.991897915740227,3.828639944248342e-05
5.995995995995996,0.9918984545195629,6.947954472949341e-05
6.006006006006006,0.9918993089923841,0.00010135314876086047
6.016016016016016,0.9919004857066512,0.0001338546893357587
6.026026026026026,0.9919019906880254,0.0001669323392419102
6.036036036036036,0.9919038294470022,0.00020053500127958668
6.046046046046046,0.9919060069863871,0.00023461234166052944
6.056056056056056,0.9919085278090981,0.0002691148217889254
6.066066066066066,0.9919113959262779,0.00030399372843313907
6.076076076076076,0.9919146148657,0.00033920120229810136
6.086086086086086,0.9919181876804531,0.00037469026500983846
6.096096096096096,0.9919221169578876,0.00041041484452482676
6.106106106106106,0.9919264048288083,0.000446329798978214
6.116116116116116,0.9919310529768989,0.0004823909389860153
6.126126126126126,0.9919360626483613,0.0005185550484178654
6.136136136136136,0.9919414346617557,0.0005547799036576587
6.146146146146146,0.9919471694180256,0.0005910242913709371
6.156156156156156,0.9919532669106939,0.0006272480247985369
6.166166166166166,0.9919597267362136,0.0006634119585972881
6.176176176176176,0.9919665481044617,0.0006994780022493186
6.186186186186186,0.9919737298493588,0.0007354091320625509
6.196196196196196,0.9919812704396022,0.0007711694017857591
6.206206206206206,0.9919891679894983,0.000806723951862416
6.216216216216216,0.9919974202698819,0.0008420390173483464
6.226226226226226,0.9920060247191068,0.0008770819345188208
6.236236236236236,0.9920149784540969,0.0009118211461915286
6.246246246246246,0.9920242782814443,0.0009462262057924496
6.256256256256256,0.9920339207085415,0.00098026778019222
6.266266266266266,0.9920439019547357,0.0010139176513412145
6.276276276276276,0.9920542179624953,0.0010471487167319606
6.286286286286286,0.9920648644085727,0.0010799349887180335
6.296296296296296,0.9920758367151565,0.001112251592719042
6.306306306306306,0.9920871300610005,0.0011440747643416498
6.316316316316316,0.9920987393925164,0.0011753818454468088
6.326326326326326,0.9921106594348247,0.0012061512791940179
6.336336336336336,0.9921228847027492,0.0012363626040932509
6.346346346346346,0.992135409511748,0.001265996447095787
6.356356356356356,0.9921482279887698,0.0012950345157551738
6.366366366366366,0.9921613340830282,0.0013234595894897412
6.376376376376376,0.9921747215766835,0.0013512555099782703
6.386386386386386,0.9921883840954245,0.0013784071707204013
6.396396396396396,0.9922023151189419,0.0014049005057934665
6.406406406406406,0.9922165079912841,0.0014307224778374592
6.416416416416417,0.9922309559310909,0.0014558610652998542
6.426426426426427,0.9922456520416942,0.0014803052489718725
6.436436436436437,0.9922605893210819,0.0015040449978477044
6.446446446446447,0.9922757606717154,0.0015270712543382348
6.456456456456457,0.9922911589101981,0.0015493759188704849
6.466466466466467,0.9923067767767847,0.0015709518339039473
6.476476476476477,0.9923226069447291,0.0015917927673947663
6.486486486486487,0.9923386420294636,0.0016118933957384209
6.496496496496497,0.9923548745976049,0.0016312492862214534
6.506506506506507,0.9923712971757819,0.0016498568790124578
6.516516516516517,0.992387902259282,0.001667713468722143
6.526526526526527,0.9924046823205093,0.0016848171855621482
6.536536536536537,0.9924216298172538,0.0017011669761318323
6.546546546546547,0.9924387372007655,0.00171676258386189
6.556556556556557,0.9924559969236314,0.0017316045291433497
6.566566566566567,0.9924734014474524,0.0017456940891700645
6.576576576576577,0.9924909432503168,0.0017590332775223416
6.586586586586587,0.9925086148340687,0.001771624823518989
6.596596596596597,0.9925264087313678,0.001783472151364548
6.606606606606607,0.9925443175125402,0.0017945793591180865
6.616616616616617,0.9925623337922187,0.0018049511975093907
6.626626626626627,0.992580450235768,0.001814593048627807
6.636636636636637,0.9925986595654986,0.0018235109045087478
6.646646646646647,0.9926169545666644,0.0018317113456420048
6.656656656656657,0.9926353280932455,0.001839201519425768
6.666666666666667,0.9926537730735148,0.0018459891185894871
6.676676676676677,0.9926722825153889,0.0018520823596083263
6.686686686686687,0.9926908495115628,0.0018574899611312982
6.696696696696697,0.992709467244429,0.001862221122444629
6.706706706706707,0.9927281289907804,0.0018662855019912813
6.716716716716717,0.9927468281263003,0.0018696931959670763
6.726726726726727,0.9927655581298367,0.0018724547170131263
6.736736736736737,0.9927843125874652,0.0018745809730238206
6.746746746746747,0.9928030851963402,0.0018760832460888968
6.756756756756757,0.992821869768335,0.0018769731715876496
6.766766766766767,0.9928406602334752,0.0018772627174525648
6.776776776776777,0.9928594506431639,0.0018769641636191808
6.786786786786787,0.9928782351732035,0.0018760900816783747
6.796796796796797,0.9928970081266133,0.0018746533147464646
6.806806806806807,0.9929157639362486,0.0018726669575682537
6.816816816816817,0.9929344971672204,0.0018701443368670937
6.826826826826827,0.9929532025191203,0.0018670989919558783
6.836836836836837,0.9929718748280533,0.001863544655621919
6.846846846846847,0.9929905090684785,0.0018594952352981797
6.856856856856857,0.9930091003548659,0.001854964794532885
6.866866866866867,0.993027643943167,0.0018499675347685663
6.876876876876877,0.9930461352321049,0.001844517777441337
6.886886886886887,0.9930645697642878,0.0018386299464105106
6.896896896896897,0.9930829432271473,0.001832318550727948
6.906906906906907,0.9931012514537068,0.0018255981677560932
6.916916916916917,0.993119490423182,0.001818483426642989
6.926926926926927,0.9931376562614179,0.0018109889921620662
6.936936936936937,0.9931557452411667,0.0018031295489239166
6.946946946946947,0.9931737537822084,0.0017949197859665285
6.956956956956957,0.9931916784513196,0.0017863743817302178
6.966966966966967,0.9932095159620944,0.0017775079894227835
6.976976976976977,0.9932272631746193,0.0017683352227797222
6.986986986986987,0.9932449170950093,0.0017588706422241934
6.996996996996997,0.9932624748748063,0.0017491287414305014
7.007007007007007,0.9932799338102454,0.0017391239342946202
7.017017017017017,0.9932972913413929,0.0017288705423147332
7.027027027027027,0.9933145450511596,0.0017183827823841252
7.037037037037037,0.9933316926641951,0.001707674754998581
7.047047047047047,0.9933487320456645,0.001696760432879535
7.057057057057057,0.993365661199915,0.0016856536500142916
7.067067067067067,0.9933824782690334,0.0016743680911137013
7.077077077077077,0.993399181531301,0.0016629172814875142
7.087087087087087,0.9934157693995491,0.0016513145773372137
7.097097097097097,0.9934322404194197,0.0016395731564655173
7.107107107107107,0.9934485932675343,0.0016277060094014657
7.117117117117117,0.9934648267495774,0.001615725930939711
7.127127127127127,0.9934809397982957,0.001603645512092008
7.137137137137137,0.99349693147142,0.0015914771324487696
7.147147147147147,0.9935128009495129,0.0015792329529480066
7.157157157157157,0.9935285475337449,0.001566924909048726
7.167167167167167,0.993544170643605,0.0015545647043054705
7.177177177177177,0.9935596698145491,0.0015421638043404831
7.187187187187187,0.9935750446955893,0.0015297334312094765
7.197197197197197,0.9935902950468299,0.0015172845581568253
7.207207207207207,0.9936054207369515,0.0015048279047556376
7.217217217217217,0.9936204217406489,0.0014923739324279942
7.227227227227227,0.9936352981360271,0.0014799328403402219
7.237237237237237,0.9936500501019564,0.0014675145616678926
7.247247247247247,0.9936646779153927,0.0014551287602250934
7.257257257257257,0.9936791819486659,0.001442784827452051
7.267267267267267,0.9936935626667398,0.0014304918797552791
7.277277277277277,0.9937078206244475,0.0014182587561939071
7.287287287287287,0.9937219564637043,0.0014060940165058447
7.297297297297297,0.9937359709107038,0.0013940059394672696
7.307307307307307,0.9937498647730982,0.001382002521578547
7.317317317317317,0.9937636389371678,0.0013700914760698135
7.327327327327327,0.9937772943649815,0.0013582802322190876
7.337337337337337,0.9937908320915531,0.0013465759349756876
7.347347347347347,0.993804253221993,0.0013349854448816505
7.357357357357357,0.9938175589286635,0.0013235153382838054
7.367367367367367,0.9938307504483358,0.001312171907828753
7.377377377377377,0.9938438290793536,0.0013009611632332715
7.387387387387387,0.9938567961788061,0.0012898888323223266
7.397397397397397,0.9938696531597123,0.0012789603623269224
7.407407407407407,0.9938824014882206,0.0012681809214338663
7.4174174174174174,0.9938950426808232,0.0012575554005795448
7.4274274274274275,0.9939075783015916,0.001247088415479742
7.4374374374374375,0.9939200099594325,0.001236784308887447
7.4474474474474475,0.9939323393053676,0.0012266471530706158
7.4574574574574575,0.9939445680298395,0.0012166807525018492
7.4674674674674675,0.993956697860045,0.0012068886467518235
7.4774774774774775,0.9939687305572995,0.0011972741135785425
7.4874874874874875,0.9939806679144316,0.0011878401722040998
7.4974974974974975,0.9939925117532127,0.0011785895867711706
7.5075075075075075,0.994004263921822,0.001169524869970985
7.5175175175175175,0.9940159262923478,0.001160648286834797
7.5275275275275275,0.9940275007583281,0.0011519618586809622
7.5375375375375375,0.9940389892323319,0.0011434673672096642
7.5475475475475475,0.9940503936435812,0.001135166358737298
7.5575575575575575,0.9940617159356167,0.001127060148562817
7.5675675675675675,0.9940729580640073,0.0011191498254582355
7.5775775775775776,0.9940841219941068,0.0011114362562756354
7.587587587587588,0.9940952096988542,0.0011039200906628978
7.597597597597598,0.9941062231566251,0.0010966017658808986
7.607607607607608,0.9941171643491291,0.0010894815117144677
7.617617617617618,0.9941280352593586,0.0010825593554699099
7.627627627627628,0.9941388378695868,0.0010758351270517736
7.637637637637638,0.9941495741594181,0.0010693084641117366
7.647647647647648,0.9941602461038889,0.00106297881726254
7.657657657657658,0.9941708556716223,0.0010568454553500713
7.667667667667668,0.9941814048230351,0.0010509074707767418
7.677677677677678,0.9941918955085978,0.0010451637848694893
7.687687687687688,0.9942023296671499,0.0010396131532858482
7.697697697697698,0.9942127092242687,0.001034254171451583
7.707707707707708,0.9942230360906926,0.001029085280023609
7.717717717717718,0.994233312160799,0.001024104770371997
7.727727727727728,0.9942435393111374,0.001019310790075083
7.737737737737738,0.9942537193990181,0.0010147013484217203
7.747747747747748,0.9942638542611553,0.0010102743219148854
7.757757757757758,0.9942739457123649,0.0010060274597710386
7.767767767767768,0.9942839955443188,0.001001958389409868
7.777777777777778,0.9942940055243522,0.0009980646219289152
7.787787787787788,0.9943039773943271,0.000994343557558043
7.797797797797798,0.9943139128695492,0.0009907924910886612
7.807807807807808,0.9943238136377405,0.0009874086172728792
7.817817817817818,0.9943336813580634,0.0009841890361877625
7.827827827827828,0.9943435176602011,0.000981130758560316
7.837837837837838,0.9943533241434885,0.000978230711048594
7.847847847847848,0.9943631023760977,0.0009754857414748085
7.857857857857858,0.9943728538942742,0.0009728926240062917
7.867867867867868,0.9943825802016261,0.0009704480642803726
7.877877877877878,0.9943922827684626,0.0009681487044693904
7.887887887887888,0.9944019630311844,0.0009659911282822233
7.897897897897898,0.9944116223917234,0.0009639718658988785
7.907907907907908,0.9944212622170306,0.0009620873988347433
7.917917917917918,0.9944308838386133,0.0009603341647314537
7.927927927927928,0.9944404885521201,0.0009587085620713301
7.937937937937938,0.9944500776169715,0.0009572069548124321
7.947947947947948,0.9944596522560373,0.0009558256769416884
7.957957957957958,0.9944692136553593,0.0009545610369434869
7.967967967967968,0.994478762963918,0.0009534093221812509
7.977977977977978,0.9944883012934423,0.0009523668031898919
7.987987987987988,0.9944978297182626,0.0009514297378768965
7.997997997997998,0.9945073492752048,0.000950594375630238
8.008008008008009,0.9945168609635253,0.0009498569613311373
8.018018018018019,0.9945263657448858,0.0009492137392701232
8.028028028028029,0.9945358645433661,0.0009486609569648017
8.038038038038039,0.9945453582455152,0.0009481948688780049
8.048048048048049,0.9945548477004392,0.0009478117400349709
8.058058058058059,0.9945643337199248,0.0009475078495385184
8.068068068068069,0.9945738170785969,0.0009472794939811752
8.078078078078079,0.994583298514111,0.0009471229907534155
8.088088088088089,0.9945927787273768,0.0009470346812472732
8.098098098098099,0.9946022583828148,0.0009470109339547143
8.108108108108109,0.9946117381086419,0.000947048147460301
8.118118118118119,0.9946212184971874,0.0009471427533277733
8.128128128128129,0.9946307001052377,0.0009472912188803158
8.138138138138139,0.9946401834544067,0.0009474900498742708
8.148148148148149,0.9946496690315345,0.0009477357930664518
8.158158158158159,0.9946591572891093,0.0009480250386749854
8.168168168168169,0.9946686486457148,0.0009483544227339725
8.178178178178179,0.9946781434865002,0.0009487206293421651
8.188188188188189,0.9946876421636723,0.0009491203928061837
8.198198198198199,0.9946971449970078,0.0009495504996785815
8.208208208208209,0.9947066522743861,0.0009500077906915742
8.218218218218219,0.9947161642523416,0.0009504891625869129
8.228228228228229,0.9947256811566324,0.0009509915698427506
8.238238238238239,0.9947352031828269,0.0009515120262983095
8.248248248248249,0.9947447304969054,0.0009520476066773324
8.258258258258259,0.9947542632358767,0.0009525954480113383
8.268268268268269,0.9947638015084088,0.0009531527509636868
8.278278278278279,0.994773345395472,0.0009537167810556741
8.288288288288289,0.9947828949509936,0.0009542848697958862
8.298298298298299,0.9947924502025242,0.0009548544157141069
8.308308308308309,0.9948020111519128,0.0009554228853010729
8.318318318318319,0.9948115777759918,0.000955987813855637
8.328328328328329,0.9948211500272693,0.0009565468062406919
8.338338338338339,0.9948307278346296,0.0009570975375494742
8.348348348348349,0.9948403111040376,0.0009576377536837275
8.358358358358359,0.9948498997192521,0.0009581652718455625
8.368368368368369,0.9948594935425403,0.0009586779809444226
8.378378378378379,0.9948690924153976,0.0009591738419211334
8.388388388388389,0.9948786961592699,0.0009596508879906876
8.398398398398399,0.9948883045762782,0.0009601072248055255
8.408408408408409,0.9948979174499439,0.0009605410305413005
8.418418418418419,0.994907534545915,0.0009609505559067965
8.428428428428429,0.9949171556126916,0.0009613341240801377
8.438438438438439,0.9949267803823514,0.0009616901305730079
8.448448448448449,0.9949364085712723,0.0009620170430249365
8.458458458458459,0.9949460398808528,0.000962313400929624
8.468468468468469,0.9949556739982304,0.0009625778152953155
8.478478478478479,0.9949653105969946,0.0009628089682411433
8.488488488488489,0.9949749493378973,0.0009630056125315752
8.498498498498499,0.9949845898695567,0.0009631665710509174
8.508508508508509,0.9949942318291568,0.0009632907362200075
8.518518518518519,0.9950038748431399,0.000963377069357028
8.528528528528529,0.9950135185278932,0.0009634245999846395
8.538538538538539,0.9950231624904277,0.0009634324250853674
8.548548548548549,0.9950328063290492,0.0009633997083073916
8.558558558558559,0.9950424496340223,0.0009633256791227601
8.568568568568569,0.9950520919882241,0.0009632096319400573
8.578578578578579,0.9950617329677897,0.0009630509251736532
8.588588588588589,0.9950713721427487,0.0009628489802715078
8.598598598598599,0.9950810090776501,0.0009626032807035266
8.608608608608609,0.995090643332179,0.0009623133709126672
8.618618618618619,0.9951002744617607,0.0009619788552305637
8.62862862862863,0.9951099020181553,0.0009615993967598598
8.63863863863864,0.9951195255500395,0.0009611747162250974
8.64864864864865,0.9951291446035779,0.0009607045907942093
8.65865865865866,0.9951387587229825,0.0009601888528725111
8.66866866866867,0.9951483674510588,0.0009596273888710817
8.67867867867868,0.9951579703297402,0.0009590201379514713
8.68868868868869,0.9951675669006099,0.0009583670907486568
8.6986986986987,0.9951771567054098,0.0009576682880739316
8.70870870870871,0.9951867392865357,0.0009569238195997374
8.71871871871872,0.9951963141875201,0.0009561338225281135
8.72872872872873,0.9952058809535012,0.0009552984802445409
8.73873873873874,0.9952154391316781,0.0009544180209589669
8.74874874874875,0.9952249882717534,0.0009534927163356805
8.75875875875876,0.9952345279263606,0.0009525228801136456
8.76876876876877,0.9952440576514783,0.0009515088667190699
8.77877877877878,0.9952535770068309,0.0009504510698717164
8.78878878878879,0.9952630855562751,0.0009493499211865412
8.7987987987988,0.9952725828681713,0.0009482058887721803
8.80880880880881,0.9952820685157432,0.0009470194758278861
8.81881881881882,0.9952915420774204,0.0009457912192402131
8.82882882882883,0.9953010031371703,0.0009445216881810862
8.83883883883884,0.9953104512848129,0.0009432114827083959
8.84884884884885,0.9953198861163238,0.0009418612323707084
8.85885885885886,0.9953293072341223,0.0009404715948172356
8.86886886886887,0.9953387142473455,0.0009390432544144381
8.87887887887888,0.995348106772109,0.0009375769208704319
8.88888888888889,0.9953574844317538,0.0009360733278685122
8.8988988988989,0.9953668468570792,0.0009345332317107658
8.90890890890891,0.995376193686563,0.000932957409973066
8.91891891891892,0.9953855245665673,0.0009313466601724253
8.92892892892893,0.9953948391515313,0.0009297017984478166
8.93893893893894,0.995404137104152,0.0009280236582554003
8.94894894894895,0.9954134180955505,0.0009263130890791169
8.95895895895896,0.995422681805426,0.0009245709551576142
8.96896896896897,0.9954319279221976,0.0009227981342283795
8.97897897897898,0.9954411561431328,0.0009209955162898632
8.98898898898899,0.995450366174464,0.0009191640023824576
8.998998998999,0.9954595577314937,0.0009173045033890805
9.00900900900901,0.9954687305386865,0.0009154179388560313
9.01901901901902,0.9954778843297499,0.0009135052358348919
9.02902902902903,0.9954870188477046,0.0009115673277460155
9.03903903903904,0.9954961338449418,0.0009096051532643019
9.04904904904905,0.9955052290832703,0.0009076196552277609
9.05905905905906,0.9955143043339535,0.0009056117795694949
9.06906906906907,0.9955233593777345,0.000903582474273417
9.07907907907908,0.9955323940048519,0.000901532688354339
9.08908908908909,0.9955414080150449,0.0008994633708627595
9.0990990990991,0.9955504012175483,0.0008973754699147764
9.10910910910911,0.9955593734310799,0.0008952699317474499
9.11911911911912,0.9955683244838155,0.000893147699799888
9.12912912912913,0.9955772542133569,0.0008910097138204566
9.13913913913914,0.9955861624666908,0.0008888569090002826
9.14914914914915,0.9955950491001392,0.0008866902151332114
9.15915915915916,0.9956039139793005,0.0008845105558025404
9.16916916916917,0.995612756978984,0.0008823188475945349
9.17917917917918,0.9956215779831357,0.0008801159993389669
9.18918918918919,0.9956303768847573,0.0008779029113767167
9.1991991991992,0.9956391535858174,0.0008756804748544172
9.20920920920921,0.9956479079971561,0.000873449571046337
9.21921921921922,0.9956566400383828,0.0008712110707033983
9.22922922922923,0.995665349637768,0.0008689658334292786
9.23923923923924,0.9956740367321286,0.0008667147070836362
9.24924924924925,0.9956827012667074,0.0008644585272122858
9.25925925925926,0.9956913431950469,0.0008621981165043075
9.26926926926927,0.9956999624788587,0.0008599342842759317
9.27927927927928,0.9957085590878861,0.0008576678259809615
9.28928928928929,0.995717132999764,0.000855399522747735
9.2992992992993,0.9957256841998726,0.0008531301409422602
9.30930930930931,0.9957342126811878,0.000850860431757404
9.31931931931932,0.9957427184441275,0.000848591130827839
9.32932932932933,0.9957512014963943,0.0008463229578705053
9.33933933933934,0.9957596618528134,0.0008440566163503214
9.34934934934935,0.9957680995351695,0.0008417927931708815
9.35935935935936,0.9957765145720391,0.0008395321583897007
9.36936936936937,0.9957849069986202,0.0008372753649578084
9.37937937937938,0.9957932768565608,0.0008350230484832853
9.38938938938939,0.9958016241937835,0.0008327758270183324
9.3993993993994,0.9958099490643085,0.0008305343008695662
9.40940940940941,0.9958182515280759,0.000828299052431178
9.41941941941942,0.9958265316507654,0.0008260706460404209
9.42942942942943,0.9958347895036147,0.0008238496278550519
9.43943943943944,0.9958430251632372,0.0008216365257524331
9.44944944944945,0.9958512387114381,0.0008194318492496287
9.45945945945946,0.9958594302350314,0.0008172360894442821
9.46946946946947,0.9958675998256541,0.0008150497189755232
9.47947947947948,0.9958757475795822,0.0008128731920047683
9.48948948948949,0.995883873597545,0.0008107069442156328
9.4994994994995,0.9958919779845411,0.0008085513928327029
9.50950950950951,0.9959000608496529,0.0008064069366584966
9.51951951951952,0.9959081223058627,0.000804273956128256
9.52952952952953,0.9959161624698697,0.0008021528133819758
9.53953953953954,0.9959241814619069,0.0008000438523531713
9.54954954954955,0.995932179405559,0.0007979473988738942
9.55955955955956,0.9959401564275827,0.0007958637607955235
9.56956956956957,0.9959481126577264,0.0007937932281246836
9.57957957957958,0.9959560482285531,0.0007917360731739086
9.58958958958959,0.9959639632752635,0.0007896925507264414
9.5995995995996,0.995971857935522,0.0007876628982146598
9.60960960960961,0.9959797323492835,0.0007856473359116126
9.61961961961962,0.9959875866586226,0.0007836460671351674
9.62962962962963,0.9959954210075656,0.0007816592784642064
9.63963963963964,0.9960032355419233,0.0007796871399663244
9.64964964964965,0.9960110304091271,0.0007777298054365813
9.65965965965966,0.9960188057580678,0.0007757874126467484
9.66966966966967,0.9960265617389361,0.0007738600836044974
9.67967967967968,0.9960342985030661,0.0007719479248220666
9.68968968968969,0.9960420162027819,0.0007700510275938811
9.6996996996997,0.9960497149912461,0.0007681694682826097
9.70970970970971,0.9960573950223125,0.000766303308613165
9.71971971971972,0.9960650564503807,0.0007644525959741163
9.72972972972973,0.9960726994302542,0.0007626173637260925
9.73973973973974,0.9960803241170016,0.0007607976315165829
9.74974974974975,0.9960879306658207,0.0007589934056007725
9.75975975975976,0.9960955192319063,0.0007572046791678566
9.76976976976977,0.9961030899703209,0.0007554314326723536
9.77977977977978,0.9961106430358695,0.0007536736341700254
9.78978978978979,0.996118178582976,0.0007519312396578584
9.7997997997998,0.9961256967655655,0.0007502041934177653
9.80980980980981,0.9961331977369479,0.0007484924283634402
9.81981981981982,0.9961406816497059,0.0007467958663900617
9.82982982982983,0.9961481486555871,0.0007451144187263185
9.83983983983984,0.9961555989053986,0.000743447986288384
9.84984984984985,0.9961630325489051,0.0007417964600354004
9.85985985985986,0.9961704497347319,0.0007401597213261852
9.86986986986987,0.9961778506102699,0.0007385376422765985
9.87987987987988,0.9961852353215852,0.0007369300861172799
9.88988988988989,0.9961926040133318,0.0007353369075514132
9.8998998998999,0.996199956828668,0.0007337579531121384
9.90990990990991,0.996207293909177,0.0007321930615191636
9.91991991991992,0.9962146153947891,0.0007306420640343506
9.92992992992993,0.9962219214237104,0.0007291047848159442
9.93993993993994,0.9962292121323523,0.0007275810412709904
9.94994994994995,0.9962364876552666,0.0007260706444057786
9.95995995995996,0.9962437481250823,0.0007245733991738839
9.96996996996997,0.9962509936724472,0.0007230891048216419
9.97997997997998,0.9962582244259722,0.0007216175552306587
9.98998998998999,0.9962654405121801,0.0007201585392571285
10.0,0.9962726420554561,0.0007187118410676769
